{
  "Project": [
    {
      "status": true,
      "title": "nhu3",
      "content": "312fg64h7457g",
      "finishDate": "11-04-2019 04:53:34 AM",
      "id": 1
    },
    {
      "status": true,
      "title": "nhu33",
      "content": "312fg64h745rwerwer7g",
      "finishDate": "11-04-2019 04:53:34 AM",
      "id": 2
    },
    {
      "title": "nhu1111",
      "content": "423f234d23234234",
      "finishDate": "11-04-2019 04:53:34 AM",
      "status": true,
      "id": 3
    },
    {
      "title": "234xd23c432asd",
      "content": "423x4d234dasdsa",
      "finishDate": null,
      "status": false,
      "id": 6
    },
    {
      "title": "435f",
      "content": "g3f534",
      "finishDate": null,
      "status": false,
      "id": 7
    },
    {
      "title": "3423d",
      "content": "23d234d",
      "finishDate": null,
      "status": false,
      "id": 8
    },
    {
      "title": "54f435",
      "content": "f345f34",
      "finishDate": null,
      "status": false,
      "id": 9
    }
  ]
}