{
  "awesomes": [
    {
      "tag": "nhu2",
      "url": "",
      "descriptions": "eeeeee3",
      "id": 19
    },
    {
      "tag": "",
      "url": "nhu22",
      "descriptions": "",
      "id": 22
    },
    {
      "tag": "nhu3",
      "url": "333",
      "descriptions": "333333",
      "id": 23
    },
    {
      "tag": "nhu4",
      "url": "444",
      "descriptions": "44444",
      "id": 24
    },
    {
      "tag": "nhu5",
      "url": "555",
      "descriptions": "5555",
      "id": 25
    },
    {
      "tag": "nhu6",
      "url": "666",
      "descriptions": "66666",
      "id": 26
    },
    {
      "tag": "asd",
      "url": "asdsad",
      "descriptions": "asdsad",
      "id": 27
    },
    {
      "tag": "asdas",
      "url": "asdasd",
      "descriptions": "asdasd",
      "id": 28
    }
  ]
}